0,1,0.991434579439309,-0.996747652351191,0.117973220171026
0,1,0.998749192742053,-0.997186476769039,0.004981433458415
0,0,0.024506463270419,-0.007594058261904,0.027964634357232
0,0,0.021835227707885,-0.010698414288057,0.086229055423831
1,0,1.0085310037544,1.00267992332373,0.97022134799224
0,1,0.989307291352535,-0.997716855552211,0.001051977205979
0,1,0.994606508519192,-1.00327925816419,0.058436379263735
0,1,0.984664751905577,-0.994906596581158,0.102656350877265
0,1,1.02427750465236,-0.99777502927381,0.077989070642515
0,1,0.996376589632032,-0.998978660593701,-0.144895655550207
0,0,0.016650574043083,-0.013225587647039,-0.028650915438304
1,0,1.01445695451785,0.996560633816866,1.1807131037583
1,1,1.98486220929085,0.013098024463316,1.03331504489634
1,1,1.99525527186428,-0.003817585186659,1.01092315281289
0,1,1.00556749175793,-0.986637123943359,-0.044568689951442
0,1,0.994213703480422,-0.975890337583699,0.006037169647115
1,0,1.01543839823051,1.00667975811077,1.11427088493126
0,0,0.013584031341738,-0.002082219149433,-0.075295599090994
0,1,1.00089781365232,-1.01040851051108,0.05117971050649
0,0,-0.010854566544147,-0.000321794137731,-0.000439336879164
0,1,1.00462416107953,-1.02862020202296,-0.179417549006927
0,0,-0.008999073093975,-0.007614025357808,0.149942737859872
1,1,1.99669406692468,0.011984771639015,0.929766968013424
1,0,1.01286319598358,1.0005417638838,1.2487924155947
0,1,1.00261982623399,-1.00439028493418,-0.059224535803652
0,1,0.982825800111667,-0.996463966497521,-0.040775071335988
1,1,2.00000691941223,0.014383465779382,0.9035939724614
0,0,0.005098605673821,0.013482475124366,0.052546033084501
1,0,0.997842336475408,1.00654080132142,1.1261845881433
0,1,1.00240368177648,-0.999746553979728,-0.13953955714406
1,1,1.99775863743312,-0.003968055471809,1.03257656983899
0,1,1.00545786480686,-1.00213772349583,0.085332910821676
0,0,0.002330746412214,0.009614650014484,0.040458893511578
0,1,1.01247689244256,-1.00076280600932,0.252980497435621
1,1,1.99607712621936,0.007247344922904,0.99676363373944
1,0,0.994889041551244,1.00798693664238,1.10868357223549
1,0,1.0366858288012,0.987469174336828,0.921307706703519
0,0,0.006262607430393,0.001027480019086,-0.107593796099913
0,0,0.000802771980704,-0.004111293630414,0.010977200122825
0,1,1.00145689980427,-1.00857297826621,0.075184194998636
1,1,1.99972851367886,-0.008751578668033,0.949921157154451
0,0,-0.002776381709195,0.001793604261395,0.002647001401832
1,1,1.98482222162193,0.004333352327386,1.11603784262457
1,0,1.00875651693413,1.01541858684884,0.928620956981071
0,0,-0.007851251802602,0.006307992489197,-0.242398138232793
0,1,0.990729520171517,-1.01059228578325,-0.005382981591978
0,1,0.995424679203117,-1.01251336135147,0.059528990824642
0,0,0.006476210695072,0.012169232194628,0.090768697056155
1,0,1.00929723536711,0.999040794889976,0.995614736319446
0,0,-0.003386906183914,-0.00072971037679,-0.010678671418035
0,0,0.003523652673768,0.012467112917365,-0.128401805728676
0,1,0.999168255993188,-1.00475984935816,0.025428204341012
0,1,1.00513843290569,-1.00814872009362,-0.124120160043164
0,0,-0.001505008160869,0.017593751834854,-0.06834756418038
1,1,2.00973122035193,-0.018229097085926,0.941236979932527
1,0,0.992166936743053,1.00177826725945,1.09887124613707
0,0,-0.013186030431192,-0.002941548435604,0.022913290127003
0,1,0.99264784154298,-1.01171244859174,0.082409723189437
1,0,1.01746083404852,0.997432003473231,0.936153001484111
1,1,1.98489236820499,-0.014190840928962,1.03951275416115
0,0,0.007634029570637,0.012330298656541,0.056210338148198
0,1,0.996343849631097,-1.01030031603786,0.026570055454214
0,0,0.00242401862299,0.012718843478945,0.003310297502275
1,0,0.983193967537077,0.993375466223172,0.856705651603057
1,0,1.00460602955756,0.986062456113553,0.950081117650706
0,0,0.009615516220345,-0.0054285278039,0.086045567007522
0,0,0.005066067243362,0.002586971270094,0.021576590168489
0,1,0.996431800760852,-0.991641225031704,-0.156374188345308
1,1,2.01724244378156,-0.01246839023617,0.992224171984427
1,0,0.98944857867611,0.990835698975322,0.927781300340122
0,0,-0.012270108674749,-0.009695673247206,0.023134233103781
1,0,0.996035784510863,1.01324231477682,1.06829598652551
1,0,0.980451918290928,1.00698487471017,0.791327113971507
1,0,1.00117114926396,1.01267801600685,0.876081604860971
1,0,1.00051535823137,0.995631483854943,0.988899489700079
0,1,1.00713494956935,-0.990125373788759,-0.009539744310923
1,0,0.999645475206656,0.979247367058596,1.00881582661671
0,1,1.02446364136504,-0.998685142394317,0.150426638640819
1,0,1.00350111334583,1.00283981150443,0.941545571280714
1,1,2.00172210876769,0.015871964432476,0.863316872323718
0,0,0.014650032633752,-0.004956643429318,0.059357187750707
0,1,0.993939894860032,-1.01541549915624,0.030038953128208
0,0,0.001575298903953,-0.013038079984143,-0.070824238793145
1,1,1.99550667111056,0.004211082772911,1.07343900427502
1,0,1.02188634142132,1.0077634429765,0.995163281278412
1,1,2.01309953116728,0.003115292017888,0.956663066700826
1,1,1.99546189859604,-0.007697016643503,0.846904524903914
0,0,0.005692181416456,0.000243247901149,0.192538883057826
0,1,1.0069089872489,-1.00163917857544,-0.111378960499008
0,0,-0.007031570470187,7.07466008462044E-07,0.053825541702645
1,0,1.00271507786913,1.01089863210772,0.91932424438876
1,1,2.00360308947013,-0.02236414117991,1.0811840032394
1,1,2.012605594345,-0.019586067265102,0.96096973284205
1,0,1.01422458901761,0.993233014048506,0.989642781501382
1,0,1.00215199508086,1.01117281818422,1.14789818315489
1,1,1.99151831071639,-0.003033145322291,0.948581221326274
1,1,2.01674861090355,-0.001758115080242,0.881155074811229
0,1,0.988296582458871,-0.997260830106017,0.052577553106841
0,0,-0.012419679577599,0.009531970296649,-0.02601654441866
1,1,2.01385114424047,-0.000511900281733,0.806585414652624
0,1,0.999569126718069,-1.00783846233011,0.084794509424348
0,1,0.99966901059299,-1.01230553993568,-0.036595664622298
0,0,0.014006308130428,-0.012332442306713,-0.094394540436698
1,1,2.00908970384854,-0.022468591931301,1.02039203853695
1,1,2.00652759109393,-0.015313214121241,1.04485177003164
0,0,0.003849724265451,-0.009364252281016,0.135629127443623
1,0,1.00120329068501,0.986362990283398,1.05939689158528
0,0,0.006019512895575,-0.007051945848132,-0.018530665874447
1,0,0.997989415472241,0.993128697545709,0.999937301112953
1,1,1.99929782760142,0.007830125497262,1.10467604590711
0,1,0.997679796203326,-1.00171321603726,-0.096810159347484
0,0,0.02949011667328,-0.01715988759104,0.123797079043091
1,0,0.995525045694838,0.995640249612077,0.952348467126441
0,1,0.994729866115387,-1.02069593899352,0.04641690255098
1,0,0.996369196703373,0.996574829707972,0.982681336198904
1,1,2.00145502991961,0.005648081118155,1.1284869138301
0,1,0.99617423798647,-0.992625374980659,0.072879430066746
1,0,0.996930910413957,0.996829525384862,1.04913615473423
1,0,1.00109577779455,1.01595322435307,0.997013210047049
0,0,0.016779924107648,-0.004178953234081,-0.17439840204985
0,0,-0.015134422258608,0.012492085750047,-0.075774741151157
1,0,1.0061428675667,1.00181763493787,1.05914246300664
1,0,1.00567505408101,1.01311537370842,1.08851437446179
0,0,-0.015397377419706,0.01393623431439,0.035831581237267
0,0,-0.010222345750941,0.000216837763584,0.081598876415778
1,1,2.01038497889281,0.004722610784036,1.14873272705637
0,0,0.007297448789203,-0.012244007339191,-0.029264851663528
1,0,0.986207005670238,0.979495297091547,1.06690112703173
0,1,1.00379668394728,-0.984094591038091,0.065744057795921
1,1,1.99057804395019,0.009162813569328,0.942355009430759
1,1,2.00197784947081,-0.008425317388573,1.21714990346812
1,1,1.99082373436858,0.009666268521757,0.927526948907919
1,1,1.98521679454246,-0.001700337824111,1.09159924560915
1,1,2.01597883739372,0.002900709248207,1.03066280166115
1,0,1.00867804355892,1.00829001467772,0.982391637060217
0,1,0.999932984536423,-1.00047333616651,-0.053573311869572
0,1,0.996469128989629,-0.984569410045409,0.015671317769291
0,0,-0.004531922395879,-0.004755406630913,-0.231575216861666
1,0,1.0051463930276,0.996068414473579,0.976379537205141
0,0,-8.12846018247494E-05,0.013052529105462,0.116987591843608
0,1,1.01724497898143,-0.991594951851971,0.111146546720672
0,1,1.00411898470647,-0.984503771395211,-0.075592795835379
0,1,0.996246926153038,-0.999708922560461,-0.077263862322348
0,1,1.03393279474793,-1.00104091876371,0.051487783610554
1,0,1.01450969304366,1.00594231178202,1.19735261949239
0,0,-0.012792476480685,0.001293142820994,0.118215617866882
0,0,-0.002834632855941,-0.002718832773354,-0.123728020583968
1,0,0.988167737867514,1.00988520594144,0.982899742766319
0,1,1.00395390257288,-1.01328104883402,0.054784428056497
1,0,1.00063639170064,0.992088834045324,0.971501395199006
1,1,2.00912088112464,-0.009949035407281,0.890018675180716
1,0,0.985311826790642,0.993892931891478,1.09301927438591
0,1,1.01730224353626,-1.00067872264105,-0.011199919721867
0,0,-0.002898167591724,-0.007139607995991,0.313288237100934
0,0,-0.0041545151394,0.000119697476444,-0.007463174382768
1,1,1.97554263151746,0.012936378789467,0.835410748025656
1,0,1.00213504051388,1.00909400315811,1.04398356419625
1,1,2.01053205128148,0.013473221867663,0.87052015803476
0,0,0.006292988401758,-0.015446521237888,-0.032050621835855
1,0,0.997659583316845,1.01447783150974,0.784682453495299
0,1,1.01343150758873,-0.994353851089103,-0.023217391309523
1,0,1.00149326255383,1.00529247062001,0.947425678387479
0,0,0.003095035528527,0.007262391846293,-0.005476606484692
1,0,1.00815425299453,0.986053070679319,0.848819034197386
0,1,1.01798044553856,-0.996828442025509,0.068101783057309
0,1,0.990737222867509,-0.992063905713261,-0.105308553342532
1,0,0.994132828825959,0.993352862353981,1.05501371247554
0,1,1.00245002927355,-1.01101391866174,0.063449680598364
0,1,1.01186740336342,-1.01421526789269,0.006411647805125
0,0,0.012966007523034,-0.00772085276592,0.023326918902542
1,0,0.978556991058465,0.999310838899119,1.25253235452099
1,0,0.988604891225557,0.995346529387665,0.982723143699874
0,1,1.00459043017542,-0.997387085872418,0.15157229717589
1,1,2.00360558343364,0.008008789522874,0.867037232237782
1,1,1.9949187069439,-0.014034144098037,0.899846074792849
1,1,2.00380530605975,-0.003059408075576,0.919834834879718
1,0,1.01019158463984,0.987492769733398,1.03484191895712
1,1,1.97924371857893,-0.009433085775477,0.89179899190098
0,0,-0.007661910475975,-0.001865707274561,-0.012192486033109
0,1,0.98900752714366,-0.996056070174154,-0.163866073228861
1,1,2.00483763790035,-0.002670072266762,0.835922659959078
0,1,1.00752119457929,-1.00718669719297,0.179463481532145
0,0,0.015873530818864,-0.00901970058263,-0.036674687689687
1,0,1.01618200092439,0.997916453567975,1.08981880326942
1,1,2.01589863606669,0.005376887515459,1.12313245150213
1,1,1.98555161082087,0.014444388636786,0.895228209014098
1,1,1.9861357909601,-0.002187533716035,0.893401924984211
1,1,1.99754321405657,-0.015415048344759,0.893649951789242
1,1,1.98582424524611,-0.01064511827156,1.04011560838302
0,1,1.01629374550061,-0.994401707559484,0.005896217201459
1,0,0.992904707216169,0.996056913664003,0.948481598771752
1,1,2.00138283805169,0.01031429808532,1.01142977145533
0,0,0.01381436900289,-0.004658337889909,-0.028280086044772
0,0,0.00355728248953,-0.009136556812789,-0.271662636102193
0,1,0.99862666391034,-1.00535997449271,0.099408549630527
0,1,1.0087939331257,-1.00557385710887,0.142821050231208
1,0,0.984547979697427,0.998610232780324,1.11564618822023
1,0,1.00128389532743,1.01785393124121,1.00645911212367
1,1,1.99972244200908,0.014941896370145,0.9134598203358
1,0,1.00347170809751,0.994564348734693,1.0021872127279
0,1,0.980401690923599,-0.995639412890874,0.141636636027116
0,0,-0.014171739406921,0.010545005303941,0.152108584632138
1,0,0.991144743822364,1.01276213747307,0.97218825424658
0,1,1.01353521882325,-1.0077954576362,0.003579769036079
1,1,1.99520376542816,0.003771176908116,0.953768249491803
0,1,1.00427444180162,-1.01273676520281,-0.024735884896842
1,1,2.00099637243736,-0.007409085884047,1.10637186348378
1,1,2.00606523839616,0.000943124189323,1.02931113944474
0,1,1.01106559710238,-0.997257527719937,-0.119776606967601
0,1,1.0029126638286,-1.02083174903393,-0.138578984349939
1,1,2.00383888244691,0.016441270988117,0.919696020309381
0,1,1.0032838718794,-0.990216117255298,-0.031210517190672
1,1,1.99723825488273,0.003525166059175,0.811073463663562
0,1,0.984920792079373,-1.00716172450953,-0.033218071649178
0,1,0.99237875305524,-0.982189181752049,0.013469075379922
1,0,1.01480098600111,0.997409258581476,1.1503996169675
1,1,1.99804593732144,-0.001228230090194,1.07759661055541
0,1,0.99551721610742,-1.00371002957101,0.058451090635594
0,0,-0.002743123899704,-0.002938289766065,0.014823052918859
1,0,1.00463813964757,1.01529611735448,1.13969870557087
0,1,0.996523834909933,-1.00031389170266,0.134796842519763
0,0,0.006210429710864,-0.02409014972635,-0.062227514594663
1,1,2.00729486096263,-0.009520244976188,1.05813572120319
1,0,0.993284700338762,1.00616293226289,1.0003269999951
1,1,1.99735468917635,-0.005022029479863,0.938322750245829
1,1,1.98613702556762,-0.000104871275396,0.802542550672861
0,1,0.994909426185407,-0.988176399735808,-0.154999231058888
0,1,1.01221257429528,-1.03839144376333,-0.011774108238973
0,0,-0.002080061655404,-0.00716135891367,-0.140446790893503
1,0,1.00415387848184,1.00639873983533,1.17121426384817
0,0,0.009591443280949,-0.01070395521972,0.004495925255387
0,1,1.01943811583541,-1.01878121647206,-0.018221116094315
1,0,1.00767059683588,1.01215017504858,0.950648914363206
0,1,0.996423636043287,-0.994062954490602,-0.099820483907866
0,1,0.98039969886917,-1.01455727559893,-0.142139491699112
1,0,1.01715401763818,0.986825769436691,1.09120471175208
0,0,0.002090910494581,0.006609015658636,0.119545255285655
1,1,1.98586908091399,-0.014845375956616,1.04960533523099
0,0,0.010112380150188,0.000918355512669,-0.062276191125693
1,1,2.01606029225483,-0.013186807508205,1.01651481884943
0,0,-0.018474698292482,0.007064966186673,-0.076902245637312
1,0,0.976184518868134,0.995932406139594,1.00032362147472
1,0,1.01021282577498,1.00023367165896,0.952911803606429
0,1,0.998859136341834,-1.01480516421981,0.027191910058128
1,0,0.987261362727122,1.00795439143255,1.00912591674983
1,0,0.99202082100143,0.999512685962874,0.853973860260511
1,0,0.992293525382717,0.993418948128635,0.908455508650454
1,0,1.00758261215584,1.00456889315231,1.04338365151121
1,1,2.00448520076848,-0.017190945492423,1.06359841394024
1,1,2.00527098758903,0.005803122829374,0.922395606778675
1,0,1.00161413513336,1.017260549909,1.09786659632704
0,1,1.009386995395,-0.988861946965209,-0.024959880972075
1,0,1.00925362065813,1.00457982023749,0.967960423359474
1,1,1.99522248642979,0.01397471211903,1.06083294907861
0,1,1.00723227105148,-1.00759128859915,0.081412766757884
0,1,0.992044670663408,-0.996994658010687,-0.114843556796944
0,1,1.00040421338397,-1.00283122118912,-0.046008799543929
1,0,0.991024921681749,0.995071117815485,1.11186608703026
0,0,0.009196883938946,-0.002862362997976,-0.080983532015464
0,1,0.998285422007099,-0.99560757353838,0.012753773410152
1,0,1.00399579297858,0.985845228157366,0.855727719270607
0,0,0.006217347906763,-0.000527509683583,0.086550803196335
1,0,0.994638953198691,0.996476825158597,1.0600481076265
0,1,1.00620442760547,-0.998556682152103,-0.226055010018454
1,1,1.99253038331689,-0.009225956876014,0.966969262153831
1,0,1.00158291441819,1.00028521042925,1.05361337089545
1,1,2.00009003020639,0.007568054224011,1.09665045462785
1,1,1.99675082959855,0.010907571567515,1.06361381455582
1,1,1.99249176662147,-0.007317419222809,1.07785244615407
0,1,1.00337764191741,-1.00228938442867,-0.089555632314331
1,1,2.00708711612128,0.017497220669247,0.893705807681433
0,0,-0.006331614783706,-0.016455607606332,0.091470714493554
1,0,0.99540939776543,0.994123076779039,0.859651085839418
1,1,1.9845625221286,0.001518235501163,0.757944551901955
0,1,0.998297646743079,-1.00420402636047,0.115207658156684
0,1,0.998875256135752,-1.00474180956885,0.136013880345029
1,1,1.99937886432237,-0.001189435954508,0.965806946141013
1,0,0.996414134008533,1.00399065455951,0.930617286260605
0,0,-0.000533815264896,0.001293008574017,0.000998653967941
1,1,1.99982713469281,-0.007561533491341,0.883798146301526
0,0,0.013925569216618,0.005080399010003,-0.179640576570701
1,0,1.01643867381563,1.00088312063952,1.1114288067143
1,1,1.98829941915037,0.00647479311354,1.15812340268727
0,0,0.000465525454682,0.001380674041181,-0.021995536420828
0,0,-0.011708203329246,-0.02349998808834,0.045105219611713
1,1,1.98794401668946,-0.006530662465083,0.765546590703
0,1,1.01425819879411,-0.994850788790624,-0.10140811039395
0,1,1.01076406686462,-0.997081972289376,0.091364657513604
0,1,1.00095147211882,-1.0045587903953,-0.032151411825892
0,0,-0.005410013385716,-0.001108089792862,0.043070900831046
0,0,0.005363332331202,0.001457265945688,0.034113411858969
0,0,0.001422863233362,0.001608178907899,-0.184760098797294
0,1,0.998445661595971,-0.99258700463911,0.145161307723347
0,0,-0.004357393399664,0.005536498960269,0.041399695716541
1,1,2.0026106198789,0.001170266887114,1.16706593857163
1,0,1.01722264716345,0.982696010698223,1.17477985040518
0,1,0.993409134067091,-1.00191372019877,-0.026724530177614
0,1,1.00418758434482,-1.00454072811487,0.012878044639308
1,1,2.02696308426998,-0.008360496372122,1.09759690627705
1,1,2.00347496756591,0.002133912874063,0.89866491556406
0,0,0.00895124410276,-0.001565218676543,0.009322548809856
1,1,2.00917174988478,-0.007693111846628,0.805416503496501
1,1,1.99184100882493,-0.002759561850245,1.12682581348096
0,1,0.987245921695982,-1.01700760726933,0.074416715116532
1,0,1.00465386511152,0.991705202306946,1.05641951075623
0,0,0.007841989603697,-0.00456472116352,0.334117772518735
1,1,2.00591855584063,0.002370137649352,0.844465737721195
1,1,2.00165618242275,-0.016793091783432,0.90773621948227
0,0,0.007851592810939,-0.011661260245747,0.018466378889539
1,0,1.00893901121499,0.997519824736572,0.971913783634178
0,1,0.993040879104774,-1.00018607387591,-0.030412643805796
0,1,1.00720906449853,-1.00998803028837,-0.102844654143516
0,1,1.0115956264721,-0.988187802153677,-0.019903677754184
0,1,1.01516778411494,-1.00141768467488,0.013479153033367
0,0,0.004708519454876,0.001006336558757,0.011500736771215
0,0,0.004624497522741,0.016831176676691,0.068286307302536
1,1,1.99749853753768,0.000746548113005,1.09422118051956
0,0,0.004887129011925,-0.008356525744448,-0.028276728022004
0,0,-0.001821260941194,0.011922994897887,-0.014581765549343
0,0,-0.002525806127437,0.007796518450562,0.011566181332981
1,0,0.975998797065296,0.991210369720302,0.96384224086186
0,0,-0.009785271864016,-0.005628213041635,0.167518055404457
1,1,1.9969280626102,-0.014585506078145,1.06144811464118
1,0,1.01576293940419,0.998592576795751,0.875052558871276
0,1,0.988840024052439,-1.01790968539078,0.167676895317377
0,1,1.00054175235553,-0.996309072060356,0.135473913641297
0,0,-0.003835025064958,0.005963758214396,0.121874109107373
1,1,1.98814157174517,-0.007427541687395,1.12247904268531
0,0,0.0220261232602,-0.014393404023263,0.132999624601134
0,0,-0.011368320971099,-0.003755271369887,-0.132210919278069
1,1,1.98382641302863,0.017151209316478,1.01154335689624
1,0,1.0109686718165,0.979878193196301,0.972708777092288
1,0,0.995545046013462,1.00056771729038,0.752858428569964
0,0,0.024808281156844,-0.008220930683068,0.031316762551052
0,0,-0.000709127055776,-0.006057366976331,0.013224212050178
0,0,-0.008116888139418,-0.001144023139672,-0.001805938147148
1,1,2.0005474729075,0.005105805709268,0.903906558761168
1,0,0.988555012062412,0.998088155602106,0.852084666751614
0,1,0.98960826110897,-1.01030667496747,-0.111074780154492
1,1,1.97736949331439,0.003583829755199,0.955778651311578
1,1,2.00173524903038,-0.01398500657389,1.07816373677799
1,1,1.99938727658309,-0.011606210543648,0.968093162558642
1,1,1.97551490595946,-0.005047732656493,0.978002686281733
0,0,-0.005272777035606,0.000529987081506,-0.113783318693112
1,0,0.992411487479124,0.99609865068622,1.1046160061929
0,0,0.006881712355402,-0.005735878822648,0.00332534856929
0,0,0.00960835670978,-0.000768770570872,-0.111024310446665
0,1,0.988047316500615,-1.00045841464415,-0.065612295434253
0,1,0.996975473416553,-0.996450435651268,0.130162970883019
0,0,0.001310950363984,0.011988023353572,0.06702051385515
0,0,0.016410785450928,-0.002247640888938,-0.025808643688852
1,1,2.01059132406497,-0.02075258646346,1.08721023255669
0,0,0.002574902481547,-0.016010373843391,0.087446560934833
1,1,1.99525543548757,-0.005037227804302,0.961613615007336
0,1,1.00702498217835,-1.00871445003095,-0.151275965473374
0,1,1.00315241225139,-0.993645289421816,0.076087496399124
1,0,0.990558472115,0.989646656296745,0.997885400497955
1,1,1.98151480707146,0.003800088529555,1.09828730766292
1,1,2.01051529100433,0.004322512313142,1.00932288366375
1,1,2.00533236716992,0.013179588391062,0.986683920808486
1,0,1.00062896951574,1.01088128535659,1.03466144891572
1,1,1.99611096501152,0.021007696549773,1.22919552917435
0,0,0.006559706563464,-0.000707589656067,0.027999186878602
1,0,0.994697303197923,1.00355804529125,1.11632921322999
0,1,0.990620450379447,-0.990234280305378,-0.022521808971564
1,0,0.996869426634837,1.00529699607379,1.06932348255021
1,1,2.00427688704231,0.002112575010134,0.910810373944629
1,1,1.99299325346116,-0.004213110168344,1.12075480387359
0,1,1.01832387768246,-0.995928885309302,0.081851054217908
1,0,1.01267272835957,1.01060847065728,0.994338411076351
0,0,0.001873629555377,0.000401596481182,-0.126509606928255
0,1,0.990915073417958,-1.00696262946495,-0.083622168894823
1,0,1.00278454088237,0.991801819603846,1.02522762911847
1,1,2.00127966043533,-0.006028629205318,0.962786731106996
0,0,0.000603826712979,-0.007227248362849,0.050941118238693
0,0,-0.018002413098463,0.005977790443117,-0.084042745015476
1,1,2.0178658901292,0.013975365523263,1.05854974064216
1,0,1.00074846637253,1.00831242281603,0.82679851150805
0,0,-0.005907886025602,-0.004852528449065,0.100034095906605
0,1,0.988128343118888,-0.99411804752786,0.171109767259762
0,0,-0.007036607857088,0.010001751067559,0.044166594973978
1,1,1.96750075188095,-0.007144444099106,1.04222516594862
1,0,1.00210251739395,1.00531106293159,0.90678947357625
0,1,1.01600373829046,-0.998974397970441,0.139189427225556
1,0,0.997008276567441,1.00061560848155,1.01227741829027
1,1,1.99643589762829,0.007698164425141,0.921462339458485
1,0,0.988739166048994,0.993311722476418,0.995056465997018
0,0,0.007311789845045,-0.003299264910694,-0.12905493901528
0,0,-0.008233388353082,0.002955217350198,-0.033619987130078
0,1,0.975698262479706,-1.01368985236693,-0.067152737939648
0,0,-0.007544157668516,0.007716836261662,0.05728184933574
1,1,2.00060842518137,-0.013116553756645,0.922539534325203
0,1,0.993271393078602,-1.00261215185988,-0.111003685082106
0,1,0.993160718624427,-1.01117380829478,-0.028087425357857
0,1,1.00432019214899,-1.01814281018872,-0.195663058763985
1,0,1.00676351059296,0.99035277413279,0.789543662889836
1,0,0.998039281872703,1.01408150771092,1.00311795002418
1,1,1.99984480067209,0.011444746706939,1.12398040099852
0,0,-0.006237183941128,0.004488708867912,0.052810199058062
0,0,0.000309448592178,-0.001045429686891,-0.061557622369719
1,0,1.00520207858755,1.00101028263261,1.09263644500729
1,1,1.98661872678878,-0.013256280956448,1.04199211417898
1,1,2.00877422105429,-0.010010611779581,1.04032691904866
1,1,1.98917565830567,0.016088457220828,0.881940694199351
1,1,1.99523697112151,0.010977476290092,1.00419402784494
1,0,0.990986531290796,0.992008697914662,0.9483864841577
0,0,0.003986875993711,-0.007064726989387,0.107764335230631
0,0,0.007077996142276,0.023906301268339,-0.121160323420507
1,0,1.0158211317925,0.997968033493431,0.884247574062314
1,0,0.987673251438571,1.0059737966692,0.936847735727834
0,1,0.974288210842426,-0.983715887231418,-0.014056424295442
0,1,1.00204436351771,-0.988747010736012,0.089047340877979
1,0,0.993252270468658,0.989065934125622,0.842435208543375
1,0,0.991030203005634,1.00512344531913,0.948249439824236
1,1,2.0102903317561,-0.005558322667641,0.859279832125406
1,0,0.996573136096308,0.991393863732903,1.18586979551571
1,0,1.00936583382642,1.00264099739709,0.892290985702419
1,1,1.99617681587776,0.023121764996264,1.1355545959319
0,1,0.982386216495586,-0.994608777919102,0.106410306042594
1,1,1.98125732400687,-0.01333715686814,0.895182609825201
0,1,0.99781678130993,-1.00858989694495,0.067301590294404
0,1,1.00176056881758,-0.994593088441404,0.183496952406372
0,0,0.020534411909216,0.000804521696731,0.035993816545316
0,1,0.996811199209534,-0.995726885713732,0.04804332910914
1,0,1.00261657185609,0.984296803595916,0.804848401933141
1,0,1.0018348583565,0.995395640396629,0.888311931046943
0,0,-0.015728732984114,0.002672526830372,0.126994585754433
0,1,0.991316176788889,-0.986737814273112,-0.057833679032484
0,1,1.00218819465576,-0.993290805266062,0.044352205626511
0,0,-0.025597782423082,-0.001152600656071,0.032151000684145
0,1,0.999464099486078,-0.999282669591959,-0.060588002692558
0,0,0.017498116947734,0.009626200640556,0.139281560321418
1,0,1.01102285962803,1.00283368016249,1.04717421644079
1,1,1.99598386336985,-0.002650623193943,0.990115921429165
0,0,-0.005728904424274,-0.009445542146412,0.098943862604822
1,0,1.00454000799162,1.00825767989623,0.963931900607336
1,0,0.994080039848755,1.01117177866678,1.18380882393371
0,1,0.991211441043102,-1.00005002853498,0.106993196894823
1,1,1.98961327078897,0.008211900081989,1.07369906992937
0,0,-0.010936972754945,0.013761344682268,-0.01885208196404
1,0,0.992867700338987,1.00186072302373,0.904764319937539
1,0,1.00168563646234,0.990208418452061,1.0583861323506
1,0,0.985975720350715,1.00940633669982,0.8994450920543
1,1,1.98931764902842,0.004171073373609,0.8487078222012
1,0,0.982663555028184,0.996506516218934,1.13074719009248
0,1,1.01260156381026,-1.00306783084395,-0.00870819774293
0,0,-0.003237467961196,0.01167626506071,-0.010271415343704
0,0,-0.007652571794263,0.004093695588388,-0.054118622743154
0,1,1.01820497033706,-1.0137817323876,0.107942584666222
1,1,1.99855024604699,0.010721163552936,0.811939223436955
1,0,1.0125433939416,1.00350548162291,1.01340108218932
1,0,0.999793611799474,0.985538682057899,1.07458916806166
0,1,1.00418415477558,-1.00402719100581,-0.173860640360058
1,1,2.00215325907417,0.010031964562925,1.00691634806592
0,1,0.997480216398404,-1.0052476505383,-0.078926679496047
0,0,0.016624316664,0.007703519870794,0.159419192666844
0,0,-0.010171532557997,-0.013291321055874,-0.156027531474347
1,1,2.00674703434929,-0.008507094953428,1.01838169679488
0,1,1.00579218364113,-1.00433028138138,0.010102540649754
1,0,0.997933465429899,0.992745852548159,1.09697547392662
1,1,2.0020183890071,-0.002760081944276,0.992969986516484
0,1,0.99447788512271,-1.01573653835879,-0.112587097570586
0,1,0.996081403286203,-0.998508258590778,-0.062582856539576
0,0,0.001251178437654,-0.014456940456791,-0.147018879025284
1,1,2.00673189514013,-0.029077922913039,1.07664678398284
0,0,-0.020203751108743,0.005506693749084,0.066052046595321
1,1,1.99920411486632,-0.000193443867908,0.965180736540999
0,1,0.989409424868438,-1.00294332761894,-0.054079759510172
1,1,1.99909349789441,-0.001922302819146,1.08405305142827
0,1,1.00023336985622,-0.994389202214397,-0.019119231117816
0,1,0.996034347813441,-0.985495728228514,0.089922753967593
1,0,1.00042715269876,1.00959585620203,1.02902461680106
0,1,1.0017363935401,-0.999318416079871,-0.071890426206494
0,1,1.00442331762612,-1.00570725667088,0.169590263668523
0,0,0.005886434253662,0.002404209650995,0.048517396098196
0,0,0.010662446525101,-0.001738491332256,-0.025520031814257
0,0,4.97424612088953E-05,-0.009739208690689,-0.005805520292299
1,1,2.0058926298583,0.012402658144095,0.974811028145586
1,0,0.992929044825796,0.990656516827039,0.929739447736887
0,0,0.006388462600682,0.017936368742125,-0.045038627954462
0,0,-0.007140936262331,-0.008539774887713,-0.239347401177288
1,1,2.02003835568712,0.003915913506985,0.951695041028946
1,1,2.03337257004692,-0.002632037846799,1.05137991165902
0,0,-0.011402273202572,-0.013980590204724,0.112013327053678
1,0,0.987742881309958,1.01033244616966,1.15668955071196
1,1,2.01238644095807,0.009469004515813,1.20276811471764
1,1,1.98121743740999,-0.000703266575291,1.17641581789764
0,0,0.013237840430917,0.001915456010662,0.087979073409871
0,1,1.00152832714517,-1.00986670282717,0.079884664655335
1,1,2.01317986748002,0.025039584882135,1.01233301853924
0,0,0.00029419216605,0.006104986940395,-0.045308139298034
0,1,1.02520876253574,-1.00113648072217,0.08544445526177
1,1,2.00617324583981,-0.010381028785298,0.974620927135891
1,1,1.99633986423458,-0.009003750584054,1.13660635770327
1,1,1.99007183995162,0.000238903198725,1.03793935875768
1,0,0.998945968682391,0.97386673923602,0.971429849544212
1,0,1.00742225954461,1.00293828899032,1.11488354484567
1,1,2.00201855321674,-0.013393363770352,1.08850240419902
1,0,1.00096844272518,1.00099598434458,0.92216894877902
1,1,2.00921032371313,-0.006834641089006,0.908458161320576
1,1,2.00095391614584,-0.007377989583872,0.858408599339142
0,1,1.01189896977061,-1.00679693981843,0.066230212861296
1,0,1.00903576722816,1.00112654782106,0.901486370990262
1,1,2.00563253325015,0.008682957360443,0.918099844026784
0,0,0.005152981839362,-0.010628408116061,0.003740233102231
1,1,1.99667794809937,-3.46560116570322E-05,0.995064865524257
0,1,1.00891525381361,-1.00387885764551,0.155692279746722
0,0,0.00859320780176,0.000284421963303,0.11109095831858
1,1,1.99113263958685,0.019730044060728,1.01098680606884
0,1,1.00389521327995,-0.995404123553495,-0.052022603037098
0,0,0.016567536250604,0.021418298855685,0.136186968621331
1,0,1.00004872595508,0.995977424974941,1.07622828222012
1,1,1.99858098949728,-0.002862993181714,1.1003253970659
1,0,0.994571612652871,0.994976674608551,0.865991479375657
1,0,0.999175310015119,1.0014587436181,0.806511504741132
1,0,0.998152192732437,0.989598372322833,1.00119627651859
0,1,0.99437336312136,-1.00631816160811,0.163372684856394
0,0,-0.007786469166123,-0.008645178584272,0.146864307060249
0,1,0.984905406342894,-0.996118930179083,0.0115332458941
1,0,1.01045187717697,0.98962603300707,1.12742204918977
0,0,-0.00507038237844,-0.010088953805238,0.095697139261332
1,0,1.00415535761218,0.995927981742496,0.712880497767431
1,0,0.995097180262962,0.984072075275999,1.02639227577445
1,1,2.00976487017956,0.007416230884792,1.13000247602279
1,0,0.992061741050277,0.997650462635022,1.16079871830062
1,0,0.996967844712508,1.00149399189461,1.01683318137037
1,1,1.99964512412161,-0.006899304679389,1.12690953864952
1,1,2.00870983438869,0.006337639830884,1.08041919028255
1,1,1.99975704277429,-0.008813871006226,1.01187809540852
0,1,1.01260524456139,-1.00846128815331,0.123504421328977
1,0,1.00317253107191,0.993479209882398,1.05156153290587
1,1,1.99677212516316,0.009826021180378,1.09856424212282
0,0,-0.006918644008934,-0.00666095069466,-0.058994647222495
0,0,-0.000904561325032,-0.000833693648825,0.095352816802519
0,1,1.00782568192235,-1.01330468681611,-0.23475954921111
1,1,2.00669806942939,-0.001434080979958,1.06164693680516
0,0,0.026238617224264,-0.002455765942893,-0.094482692469691
1,1,1.98866595144957,-0.003322691943192,1.13888992898119
1,1,2.00250102662915,0.000911061212458,0.974051238058788
1,0,0.99970430799698,1.01665052463878,0.959870730855264
0,1,0.994147354694454,-0.992589128427327,0.221783539375971
0,1,1.00716277388974,-0.990558023037891,0.02196094964386
1,0,1.0056150227484,1.00811174494757,0.885527351574131
0,1,1.0144189474268,-0.991968997980487,-0.093033872388133
1,0,1.00312640183209,1.01222348999433,1.03580290000096
1,0,0.982743223167893,0.996923574273,1.09182537526142
0,0,-0.018966577586823,-0.000923469999274,-0.07091688889138
1,0,0.982451773585753,1.00514182302135,0.854324465521402
1,0,0.992153047422353,1.00119830216881,1.06736582631377
0,1,1.00736808700285,-1.01054615250249,-0.147373066287906
1,0,1.00657356407895,1.01966754494027,0.994052575637312
1,1,2.00960998603495,0.002136175187311,1.10470279686539
0,1,0.994895157118285,-0.986050999643226,-0.142401517405699
0,0,0.003931523491167,-0.008447587426598,-0.012501363481668
1,1,1.99899932508371,-0.01276509402714,0.883382757117348
0,1,1.00294330458265,-0.981877666751228,0.039026893184394
0,1,1.01754034418072,-0.9962976962751,0.006217891363887
1,0,0.96995522521205,0.996610377209523,1.13934384057202
0,1,0.999044900540881,-0.993672679658517,-0.099894603403425
1,1,1.99647583738491,0.016322680487625,0.902490214306073
0,0,-0.005375180718216,0.012146239004756,-0.121471497556474
1,1,2.00855911973003,-0.007201706175121,1.08251823873942
1,0,0.979360243731441,0.980572458606466,0.962745342815408
1,1,1.9958135780185,-0.000895225728004,1.0945474635631
0,0,-0.002509070060713,0.01361854794301,-0.031561328285267
0,1,1.00070806558323,-1.00561751460856,0.115235658045756
1,0,0.981830812292347,1.00150794527713,1.15626727349282
1,0,1.00028063362406,0.998606016932828,0.75130929575262
0,0,0.003865255487082,-0.007529090567227,0.007947261214136
1,1,2.00504215044455,-0.015656188211973,1.00472567503005
1,1,1.98406713018918,0.004010660179237,1.06056264367264
1,0,1.01102838157235,0.990473088942751,1.03003554852469
1,0,0.984357091384183,0.997277358724241,0.983588873064929
1,1,1.99198787872414,0.006613233882598,1.171436569452
0,1,0.989118430027659,-1.00459567002161,-0.027270944534701
1,1,1.98573113380596,-0.000106704521021,0.922715676653967
0,0,0.004661894040567,0.012369258172857,-0.101659046957257
1,0,1.00353389115189,0.990539733067967,0.842817435296229
1,1,1.99977546889441,0.010084650104844,0.85291614673211
1,0,1.01014728554812,0.999602683131646,0.881625769595775
1,0,0.998582757019155,1.00604661961698,1.15674560921144
1,1,2.00487150231728,-0.011182942425108,0.995617165915299
0,0,0.00702243005104,0.020002411856036,0.097285821852094
1,0,1.00360385582487,0.99923189710417,0.93458316922695
1,1,1.98397368909823,-0.019466069078837,0.95790667339866
0,0,-0.001592204304467,-0.008129349909655,-0.031269115856359
0,1,1.00942371670608,-1.00389209232527,-0.19016124420131
0,0,0.004587415335692,-0.008823285240478,0.031873770942957
0,0,0.01073875414053,0.026487112090908,0.076633279778236
1,1,1.9917834561795,0.006009330582512,0.922079299410849
0,1,1.00656634144709,-1.02323512974727,-0.147795471193916
1,1,2.00757611605393,0.002026948471448,0.817627984507848
1,0,0.997483820678552,0.984560502613715,0.95437152537087
1,0,1.00257688336651,1.00437442735399,0.910042417637388
1,1,2.01239481288319,-0.002697535880144,1.06401403140806
0,1,1.01604748777835,-1.00757352737241,0.018199443515941
1,1,2.00543015681417,0.00266337941232,0.984809013892524
0,1,1.00026656717438,-1.00142336284487,-0.075490019945884
0,0,0.001883778545108,0.018074420585123,-0.150124242535372
0,1,0.981984208185238,-0.981879831471745,-0.097342590863671
0,1,0.989141631006716,-0.995302786372364,-0.060468163071875
1,1,1.99051307649514,0.013066930824004,0.799551698103364
0,1,1.00711825396322,-1.00401765987278,-0.012465687200757
0,1,0.992494123928468,-0.995181963161112,-0.082239447223973
1,0,1.00803279733125,1.00425175704178,0.999304106706508
1,0,1.01035446096488,1.00311589614922,0.951796814975754
0,0,0.000636531875936,-0.003919353184325,-0.071420273327663
0,1,0.994089876879538,-0.996355864415136,-0.164275463612707
1,0,0.995339588193213,1.0054543124126,1.17567921244516
1,0,0.994241193279836,0.987187802415215,0.801804751455426
0,0,-0.004169600421534,0.004841776904182,0.092624766706662
1,0,0.980138797602222,0.990175838709204,0.988628400706512
1,1,2.01269650287307,0.019506281630478,1.08981524868833
1,1,2.01087397033259,-0.007733234623193,1.10179642656416
1,1,1.99929996587769,-0.001901370090264,1.07901219159176
0,1,1.00681703572195,-0.999547612649873,0.058146452042336
0,0,0.001511461342555,0.004198112952606,0.110041984972695
1,0,0.998590111618904,1.00350603560268,1.05537423134103
1,1,1.9733647913031,-0.004980995496273,0.949293131006772
0,0,0.016658941770104,0.00570938447311,0.151621427751733
1,1,2.00433393652451,0.026583528313223,0.996197454859451
1,1,1.97487544020188,-0.012261242669572,0.953208070390176
1,0,1.01780039228405,0.99007195580971,1.08612037381003
0,1,0.977998687434776,-1.00433140748569,-0.057618434013565
1,0,1.01430968216274,1.00102140547076,1.00454243435209
1,0,1.01126393577959,1.00576392850398,1.05458316524639
0,1,0.999903474673429,-0.993813466749081,-0.027890079930857
0,1,0.991444572430565,-1.00938553602069,0.176392852022276
0,0,-0.008873052637881,-0.003521802214825,0.004353944107835
1,0,0.98301444398275,1.00565754692716,1.11096252404053
0,0,0.005293476809192,-0.007862936252876,-0.088888805407441
0,0,0.010407954050766,-0.01319443870527,0.014675369560982
0,0,0.00072455199862,-0.010924012733866,0.136405983736062
0,1,0.97476648390543,-0.996696093088328,-0.136950138241081
1,1,2.00632264607322,0.004364402786437,1.00377803112357
1,0,0.991177177805405,0.986387195998041,0.943893296305588
1,0,1.00464799441918,0.994617386239868,0.838975415707671
1,1,1.99349729640318,-0.009274772990324,1.06073998342383
0,1,0.987978827831196,-1.00625313610619,0.034372371015847
1,1,1.99187958075091,-0.014168392940668,1.11395106522518
1,1,1.99188284144313,0.010979329845458,0.907111274913407
0,1,1.00922325795692,-0.985913769361214,0.110418655218645
0,1,1.01155850984531,-1.00274362430915,-0.141193043798072
0,1,0.989561972902084,-1.00552086771548,0.0984590211204
1,0,1.00473886824202,1.0096727224277,0.86996536499325
1,1,2.00338650733677,0.009131020863765,0.917375062153573
1,1,2.00079674010047,-0.000383450975148,0.792648434635657
1,1,1.99457809222032,-0.002545482869699,0.965715698565116
0,1,0.989569995054927,-1.0025073770187,0.048668234513431
1,1,1.99526201236399,0.007578403558854,1.02578277980424
1,0,1.01073336758708,0.994419083642021,0.952111836478314
1,1,2.00171310004827,0.005348936896771,1.07856081414341
0,0,0.001775744011659,-0.015147762635555,-0.077547118765728
0,1,0.996664427586126,-0.996115225565698,0.038134247292759
0,1,1.00730510868818,-1.0028715424555,0.145188426357278
1,1,1.98611521916572,-0.00356062485074,0.980669786843869
0,0,0.009074074721125,-0.003985903830002,-0.010650769112055
0,1,1.00385982987048,-1.00190875436957,0.081375640090519
0,0,0.000735626516902,0.002081769786368,0.017801767066017
1,0,0.997111477779743,0.992554834459224,1.08874142271927
1,1,1.99937844115175,0.004826745507338,0.838966914085851
1,0,1.01047721563433,1.00167608694095,0.934536982077288
1,0,1.00983243946292,0.993992280726465,1.02968648408016
1,1,2.00744476873381,-0.010411869034561,0.795480507128801
0,1,0.996260895058285,-1.00264237086529,-7.95973038370834E-05
0,1,1.01220708945303,-0.991893020657554,0.0885130262469
0,1,0.995398513016261,-0.999919589418735,0.012406393523483
1,0,1.00608359621235,1.02254658431001,1.01951212492279
0,0,0.00209057253499,-0.002338408105973,0.058912295035799
1,1,1.99801628656856,0.009289753638956,1.05112958731555
1,0,1.00735604182466,1.00501756162371,0.820692895040205
0,0,0.000591194316409,0.002204092754608,-0.136608986701985
1,0,1.01691561983847,1.00421474553833,0.84061419822637
1,0,1.00579189512147,1.00225655773997,0.894403644536986
0,1,1.00446905431207,-1.00083805306816,0.108122551384134
0,0,-0.001830423031792,0.001505465480122,-0.001622005130476
1,0,0.989613891796101,0.994197553639924,1.05196138354322
0,1,1.00638435738122,-1.00277535445116,-0.079613529987703
0,1,0.99347977629392,-1.00681694559798,-0.065499029999881
0,0,-0.016222522555625,0.006546622186682,-0.19850311178582
0,1,1.00667236132625,-0.98203863852116,0.159388129932752
1,1,1.97645903578248,-0.008107904301854,1.07681686724394
0,0,-0.008760378363114,0.007078250856304,-0.048326613351475
0,1,0.984740755559131,-0.994770348328446,-0.063538542916402
0,0,-0.005794835247955,0.014842121946106,-0.034889318172915
1,0,0.98808930227834,0.995522523938491,0.9739985312684
0,1,0.995204394253571,-0.996067142428177,0.221138280824909
0,0,0.007770585196495,0.000349338590979,0.001042553909515
1,0,1.01171399523529,0.997929025398908,0.995559327218839
0,0,0.012663944157303,-0.015005251189459,0.082522943539132
1,0,0.986833873292552,0.981129232573133,0.986298415649968
1,1,1.99562484177713,0.00831920553912,1.15854432683481
0,0,-0.004476530668675,-0.011239671998031,-0.008765042690373
0,0,0.004476665296411,0.012990841795524,-9.40757434234417E-05
1,0,1.00957709255496,0.988473842356754,0.95561381838231
1,0,1.00080085590577,1.00748246497968,0.802490149932928
1,0,1.01253856630829,1.01833493418038,1.01496428290753
1,1,1.99925434552255,0.014437810026238,1.07163325891658
1,0,1.01610890368529,0.997203974322514,1.06501003210004
1,0,1.0029936206958,1.00102370285255,0.958580532621745
0,0,0.005208186270469,-0.013036771803087,0.037478898254863
0,1,1.00965495727246,-0.98987417562023,0.050734974669235
0,0,0.008625447603081,-0.001269487875158,-0.096897617870838
0,1,0.994311977336505,-1.00092104963053,0.180235612436895
0,1,1.0038646022146,-0.996062963674261,0.054161516856389
0,1,0.97704251704859,-1.00304656556479,0.088875807875407
0,1,0.986595616585721,-0.97732627881058,-0.036673644019734
0,1,1.00981742168808,-0.991784495666081,0.090249855010249
1,0,1.00864985519737,1.00338807962665,1.07642047505471
1,0,1.01783278040206,1.01496627811977,1.02794397945665
1,0,1.00234680770685,1.02636510761622,1.00288554025555
1,1,1.99650469730107,0.00242214202333,1.06563316828727
0,0,-0.004984771028017,0.017786280117245,0.070305933403911
1,1,1.98835440251495,-0.00545000797173,1.08437000193467
0,1,1.02628051705055,-0.991731146539888,-0.033727882135162
0,0,-0.02321133906688,-0.008082118633101,-0.017400656345405
0,1,0.999408763451057,-0.997300831959765,-0.08784949616749
0,0,-0.013914822661949,0.007266107702439,-0.127352791267259
1,0,0.991339502607664,0.995260108842052,0.976777012367559
1,0,0.983138886275739,0.996940545207117,0.939511937656136
0,0,-0.00939223299114,-0.015017778736832,0.0267039426694
1,1,2.00454823543019,-0.005570467313361,0.998555370059353
0,1,1.00761697776068,-0.987037360133658,0.152885083887701
0,1,1.02494470921356,-0.996600644608655,0.099930316475834
0,1,1.01103439451081,-1.00954691486242,0.102476162597663
0,1,1.00369947253819,-0.997343936457991,0.198938179980146
0,1,0.995305007230957,-0.999691153588013,-0.074626933286704
0,0,-0.006219530515871,0.009602795326964,0.178407441135886
0,0,0.000426976972145,0.007825204095058,0.038499938029935
1,1,1.98731227651109,0.003259299590277,1.04707178341591
1,1,1.99504520357413,0.011669858518083,0.855591754337664
0,0,-0.01347083885434,0.008436266280949,-0.070918853627264
1,1,1.98592300053992,0.016532494612889,1.01949180196577
1,1,1.99897761802642,-0.004605718051054,0.919170236212048
0,1,0.988220612218366,-1.00003818177199,-0.040882990989842
1,1,2.01440487437005,0.007057836493641,1.14554871229008
1,1,1.98769837776951,-0.005284067834622,1.06607747990936
1,0,0.993970549242462,0.999623160486419,0.817137797439576
0,0,0.001086560100269,0.000294296653206,0.020294923043517
0,1,1.01070292481304,-0.997865283068414,-0.048813714224961
1,0,0.985358759537397,1.00491451794735,0.948313203120492
1,1,1.9977947829921,-0.006846244129878,0.974819248271099
0,1,1.0023410491594,-0.991440193661014,-0.003623054184436
1,0,0.999720542533614,0.991705812417794,1.02380587649062
0,1,1.0112284463547,-0.994707040743476,-0.051151208249818
0,0,9.23431619592832E-05,-0.003204489048541,0.061191001571951
0,1,0.990581280028556,-0.985677216088258,0.130569400896794
1,0,1.01780394766131,1.00469740963065,1.12340011805548
1,0,1.01811775851071,1.01094513489046,1.05118939371734
0,1,0.999218299404632,-0.99482217033713,0.019895660943152
1,0,0.984090306362391,1.01095680685985,1.13163835834455
0,0,0.008985419118393,-0.00554775389205,-0.13899807534803
0,0,-0.011500092926191,-0.00659297755497,0.243567116211479
0,0,-0.012851080936906,0.008025211014061,-0.067533236741895
1,1,1.99684099370198,-0.009448838326374,0.860973519064853
0,1,1.01041793566354,-1.00258969279536,0.002982605772607
0,1,1.00881343537552,-0.993367173027389,0.024355892854657
1,0,1.00426063256118,0.988920609939416,1.03132435970191
1,0,0.992319344804534,0.995390351055528,0.913433020363363
0,1,1.0063717673098,-0.981317428001265,-0.016730589445151
0,1,1.01111743240615,-1.00142036760731,0.049594786547156
1,0,0.994959792549734,0.983788434980027,1.01980256032142
0,0,-0.016804509753914,0.007032139946952,-0.015418927822593
0,0,0.016260016283985,0.006294581807963,0.187383421210967
1,1,2.00977542574232,-0.001941494666043,0.995398511190951
1,1,2.00084852202743,-0.004651656264266,0.888797118135369
1,0,0.994726227390098,1.0007585852926,1.00573028067043
0,1,0.995380167025908,-1.01129359373601,0.027301232736548
0,0,-0.011174038078557,0.008612041986554,-0.115459496160504
0,1,0.993079039941512,-1.02299830057274,0.019192671534005
0,0,0.012919979056282,-0.004062661133066,0.11370488417354
1,0,1.0097405716996,1.01409189242577,1.01160037796055
0,1,0.996228657504782,-0.998266853248387,-0.114131592035176
0,1,0.99955929428531,-0.986836976087567,-0.208461410902536
1,1,2.0123040383743,0.015946988075072,1.23399322136914
1,0,1.00047605302309,1.0005153859404,1.02745149659585
0,0,0.000235997282308,0.00114000797358,-0.072757642190391
1,0,0.993302766041899,0.99608917973019,1.11587672879984
1,1,1.99981284941716,-0.016952941172702,1.04360379115501
0,0,0.002113882141084,0.002758049766179,0.026922210602771
0,0,0.019119366910073,-0.003235054467789,0.098043781165764
0,0,0.008990655362688,0.011715046030751,0.018562116420874
1,1,2.01420147387857,-0.004483551791672,0.939816404158993
1,0,1.00801909544508,0.986856468288837,0.852081101122736
1,0,1.00391044148006,0.988235371471705,1.18496705854239
0,0,0.002006589521874,0.018339767483448,-0.122302570454929
1,0,1.00133828623641,1.01014142138448,1.1536645690578
1,1,2.00388612845359,0.020362153385141,1.17531115190946
1,1,1.98964521928757,0.003500856202456,0.876457887089702
0,0,0.009215003878583,-0.008928997705621,0.085451467376538
0,1,0.998099566400736,-0.988813089686247,-0.003589403714203
1,1,2.02394847388697,-0.010985822984855,0.826418269324528
1,1,2.00101117206549,-0.005595856398792,0.994253552986232
1,0,0.992212868131732,1.00092581388288,0.955362447384059
0,0,-0.000984704636918,-0.002862852702662,0.072141316526282
1,1,2.00312089713673,-0.013757891938175,1.1214470394167
0,1,0.992682388403037,-0.995693777372003,-0.045470989358232
1,1,2.00531498596211,0.013803730556625,0.964735038034255
1,1,2.00953736070561,0.018571595535377,1.11170043764113
1,1,1.98089719600947,0.008916471233568,1.11706265557764
1,0,0.994310517111664,1.00655589180903,0.910054529069308
1,1,1.9923445455192,-0.018967897867013,0.88223027306706
0,1,1.01810034934547,-0.993927927313449,0.187807484401438
0,0,0.010268145542966,-0.004010743991283,0.030850768835141
0,1,1.00371870739321,-1.0007984275532,-0.008989815056824
1,0,0.991146401368532,0.999630351772529,1.10989698965835
0,1,1.00741974919146,-1.01328027857671,0.069699466766845
1,0,1.01550725358425,0.999209823709841,1.17386331992454
0,1,1.0035872682299,-0.99327112935111,-0.072256014480085
0,0,-0.013323681325863,-0.016904853806566,-0.029520858727742
0,1,0.977790652864439,-1.00233508248483,0.018959498173184
1,0,1.00317763608586,0.993470401330227,0.847461310906223
1,1,1.99042019787716,-0.000321433006589,1.21428328107414
1,1,2.00984520303085,0.001588245632236,1.10885613205698
1,1,2.00054182066179,-0.019971098430322,1.06022306463034
0,0,-0.009801891878239,0.008546059247731,-0.139704542078386
1,0,1.00499768899609,1.0058630393258,1.16100227068273
1,0,0.995131195969384,0.998458604407261,1.01019630076321
1,0,1.00739751425104,1.00650601044374,1.00582461009618
1,0,0.996899052400886,1.00395874031433,0.952745367564665
0,0,0.003566756397694,0.016034654647994,0.123145746109774
1,1,1.99763147405393,-0.001113806173175,0.841922100062932
1,1,2.01191100701242,0.005302591770181,0.924865761332595
0,0,0.000645843063777,-0.000929048827832,0.010106272122487
0,0,0.00280922858887,-0.001342991913318,-0.176316985434302
0,0,0.004844637467681,1.96631078103473E-05,0.048283345860049
0,0,-0.019756336686954,-0.003769796962225,-0.04651614320625
1,0,0.980920373725099,1.00871228953366,0.898696608124638
1,0,1.00911788765674,1.01739486160485,1.23671080240448
0,1,0.995263820359524,-0.994215848255347,0.104391083656596
1,0,1.02604952821833,1.00806161683904,0.87424970421883
0,0,0.000803043444589,-0.004397090008444,0.011752499096987
1,0,0.998732411349844,0.996727954539532,0.95232538023104
1,1,1.99915506896547,-0.009492503614024,1.08215706851601
1,0,0.995743550463457,1.00422212759806,1.03034605028622
1,1,2.00373828418662,0.020626140832833,1.07931640944116
1,0,0.996365476058635,0.999524525785614,0.935134656894711
1,1,1.99789806584265,-0.013711034956392,0.909865582844156
0,0,0.013815545622165,0.003422056780088,-0.008642009751809
1,1,1.99467445207996,0.001270734924789,1.00163721351146
0,0,-0.004583716924639,-0.011589232718775,0.175691776934937
1,0,1.00036643797948,0.983682380479833,0.955985245390827
1,0,0.996566527775708,0.999383108590708,1.13557428711664
0,0,-0.015960748445883,0.014888831650471,0.060870787897653
1,0,0.995127528912399,1.00523525499637,1.04237843023519
1,1,1.99499638443941,0.005109626406658,0.83073326253067
0,1,1.00572068410378,-0.982538702840775,-0.202954532478283
0,0,-0.001813334191653,0.005640377250315,-0.086588585664038
0,0,0.002440178759448,-0.004694563610296,-0.108726551830872
0,1,1.00852162650536,-1.01555490957874,0.063907948776278
0,1,1.01323716553937,-0.981686509927343,-0.041607933196434
1,1,1.9973432889139,0.003461469861843,1.06087843715606
1,0,1.01624507292757,0.985579310779006,0.813098942419173
1,0,0.993764290212529,0.994950939597192,1.10428801626742
0,0,-0.003484321133396,-0.001036316579616,0.048618556686093
0,0,-0.012837860378654,-0.016627274368975,-0.018263148137516
1,1,2.00561924275615,0.015008258309315,0.992301988978215
1,1,2.00796956876359,0.011036078586734,0.976807287110256
1,0,0.984175898042825,1.01105493299881,0.805448052733325
0,0,-0.002502847607334,-0.00772391248907,-0.097997911139813
1,0,0.995337844389816,0.981116724115087,0.937574588811525
0,1,1.00660271080237,-0.995868414048008,0.000219177030685
1,0,0.975879541294987,1.00687805104328,0.985222181629825
1,1,1.98524635735736,0.010263455022007,1.04499403098302
0,1,1.00186147185182,-1.00571686929656,-0.039756550274329
0,1,0.99738994416682,-1.00926464945777,0.08864572529502
0,1,0.995740743597965,-0.984715244476248,-0.055325623583861
0,1,0.996927802216948,-1.00231111694713,-0.130565540387994
0,1,1.00371822981394,-0.989032901558616,0.088679152372711
0,1,1.01287775201841,-1.01153607481023,0.110421187842667
0,1,1.00651689681617,-1.00424909833383,-0.045073273785358
1,0,0.999893932138923,1.00141418226472,0.880986452426414
0,0,-0.00938501782948,-0.009554425113014,-0.064967132643171
1,0,0.99236321946857,1.00102778995384,0.922487717026204
0,0,0.001904452234804,-0.005663223466505,-0.010461649575895
1,0,0.996966351232347,0.970484665747403,0.909101200284811
0,1,0.991102930757597,-1.00376349942665,0.172585103559531
1,0,0.998763820133307,1.02430477120574,1.0181962861822
0,1,0.992379169776986,-0.999490049589511,0.080288816303632
0,0,0.008556381358232,0.009167615504728,0.032963104105927
1,1,1.99819689658469,-0.001085540952966,1.24015802606775
1,1,2.00597908011374,-0.007090714048252,1.00811671285861
1,0,0.995729040552996,0.983565510142651,0.945890016230858
0,1,0.991382107242452,-1.00653063210831,0.0638152049954
0,1,0.989759901122009,-0.978214960937421,0.066115578624312
1,0,0.983675946795468,0.99702711372648,0.994762058767294
1,0,1.01563581924884,1.00523769507365,1.29343456061158
0,0,0.002227634249549,0.00670880732132,0.047328537556103
1,1,2.0041528794785,0.006581897632331,1.05719198445503
1,0,1.00990439392527,1.00178523728491,1.01046221427071
0,1,1.00751119495192,-0.998834336813997,-0.026061202703161
1,1,1.98833336144428,0.005336111548786,1.07245682383802
1,0,0.997314985735553,0.983144797372182,0.921028845946743
1,1,2.00469673480849,0.001923348565138,1.12070731308878
0,0,-0.001085243486373,0.013047671872756,-0.026251991384652
0,0,0.003235735697599,7.3999437346853E-05,-0.086179847570371
1,1,1.99990058865058,-0.020467655683693,1.05252600988298
1,1,2.00317674783085,-0.018288159037017,1.06679107712147
1,1,1.99447820520742,-0.000991353339019,1.1146191473618
1,0,0.999298258436581,1.00212903820492,0.973804813552728
0,0,-0.022695390577632,0.005458152514123,-0.130086162679707
1,1,1.99252153085939,0.012519053190125,0.982814368757667
0,1,1.01212741236435,-0.994187196860047,0.049881974205354
1,1,1.99472573071863,0.001128075645282,0.872718961088775
1,1,2.00076185601424,-0.009385680344441,1.12968034536208
0,0,0.004229132093102,0.000896654374986,-0.012490606330531
1,1,2.00173755553241,-0.006739220435717,1.01627191364108
1,1,2.0097982816747,-0.021000985255114,1.15637937664621
1,1,1.99946543193191,0.019065005942666,0.979653366144067
1,1,2.00436328716647,0.00466314844439,1.14537304581721
1,0,0.994715772772819,1.00230361195662,0.96806042550244
1,1,1.99038994571348,-0.009281679025807,0.932658120278354
0,1,1.00332866528652,-0.999724965576306,0.102219124825734
0,0,0.00013336897918,0.012525031848319,-0.111687345992661
1,0,0.991737520864631,0.994356487510255,0.965616249765264
1,1,2.00969709056348,-0.011401409022648,1.11411160022716
1,1,1.99938380109708,-0.013569408671102,1.02983867720368
0,0,0.007729872203648,0.011043086108983,-0.11787356873862
0,0,-0.013369386512688,-0.003216059866847,-0.034906689866069
1,0,0.999775271702254,1.02098916755841,0.965626813539289
0,1,1.00133011205479,-1.02054073631333,-0.081438696219311
0,0,-0.003502996428402,0.002991408859402,-0.082524139902701
0,1,0.999764920470509,-0.998278367131258,0.212816774494882
1,1,2.01343784589832,-0.008215163589672,0.919937038984994
1,1,1.99389462572399,0.001126182053271,1.02122036401941
0,1,1.00771665892472,-1.00155800784669,0.037551408442109
1,0,1.00097276364758,0.998715095001972,1.10840080389545
0,0,0.005524965861013,-0.012849161813632,-0.03859784844981
1,0,1.01164664605266,1.01728559705875,0.987537496273492
0,1,0.99951256743202,-0.997875949739337,0.040473115526452
1,1,1.98656482858972,-0.004040709017755,0.939724598220697
1,0,1.01162143125785,0.990621633972474,1.06849398557873
1,0,1.01074405788028,0.996954869703098,1.01587477649024
1,0,0.995934487997346,1.001601051248,0.884925205320322
0,0,0.010039445820797,0.00798665660795,-0.030464045347818
0,1,0.992964213421361,-0.990730858389907,0.112322348174287
0,0,0.00231378364103,-0.011735230879871,-0.02214126031354
1,1,1.99209725476076,0.015042168203436,0.871397262063801
0,1,1.00090167425146,-0.998784034073327,-0.084421084258383
1,1,1.98974292998794,0.001050028555808,1.07892577249488
0,0,0.003837444109703,0.00786599691824,-0.067056135389749
0,0,0.008579868053872,0.00521180026947,0.009560429332191
1,0,1.00976791139987,1.00979227388743,0.930949258630047
0,1,1.00774302585069,-0.999178212153756,0.057216883828026
0,0,-0.000537763667035,-0.000236070011481,0.011137402509801
1,1,1.98163529065412,0.006803197753227,0.975484910089975
0,1,1.00084377646392,-1.00951388611556,0.029185063611648
0,0,0.012894254674416,0.0144929331458,-0.14435522777433
0,0,0.006167220873341,0.000448305035832,0.072113633703804
0,0,0.003642127732392,0.004914617735204,-0.115778079361337
1,0,0.981736066734771,0.98695453801941,1.17735939054218
0,1,1.0055825122524,-1.00769083097458,-0.05012736033454
0,1,0.982245438456724,-1.00203823015545,-0.109466177886946
1,0,1.00606614143288,1.01449763368161,0.934740281609851
0,1,0.983820358000507,-0.983034122980141,0.182998252062545
1,1,1.98813879491415,0.003875328637979,0.970676614099082
1,0,0.999132135439706,1.00391843623494,1.14530279789816
1,1,2.00176630781923,-0.011679888015583,0.879278116463197
1,0,1.01114296706292,1.00759870806069,0.967680580596338
1,1,2.00134722614126,-0.003035322401733,0.841984416832181
0,1,1.01133119397394,-1.00329513131669,-0.004194934599936
0,1,1.00322972608001,-0.991879181459807,0.054730257272952
1,1,2.01548553745378,-0.015871175915384,1.06566632574191
0,0,0.007185475662041,0.002564712147451,-0.255954683416207
1,1,2.01423841332034,-0.000452233278175,1.17296741406787
1,0,1.01775864230979,0.998398155193223,0.995522013332135
0,0,0.001901403670015,-0.008259450207765,0.063233550558099
1,0,1.00229290377967,0.988915088968594,1.02843702875172
1,1,1.98691617652056,-0.01360227647122,1.15701564595719
1,0,1.00249831807053,1.00549623300604,1.24612851984156
0,0,-0.014255377525967,-0.005879185698328,-0.080823260814196
1,0,1.012817297261,1.00657528113325,1.11604379010638
1,0,1.00776556854871,1.00020705808631,0.977397749824717
1,1,1.99180363350286,-0.004346771625998,0.799241556042996
0,0,0.003604238281568,-0.001696730115203,-0.129902810605268
0,1,1.00508217810636,-1.01050365131062,0.002546019022333
0,1,0.994173418839416,-1.00792580330425,0.088450993344656
1,0,1.00358333359431,0.995151408882666,1.01774092238717
1,0,0.99895389614798,0.98687520282896,1.28301537301633
0,1,1.01190143029179,-1.00905486634979,-0.058039267040083
1,0,1.00168115414642,1.00064883146517,1.0469492765628
1,1,2.01629284729825,-0.005695347836791,1.08654120091046
1,1,2.00510482793662,0.004714526632507,0.850993791771917
1,1,2.01052903260518,-0.00490652370542,0.917569919655806
1,1,1.99047088710745,-0.020486458080457,1.00101687202121
0,1,1.01937161281718,-1.01388233642321,-0.017528933696085
0,1,1.01077902260305,-1.01382114626069,-0.096849522402567
0,0,0.000804238970208,0.007885155239931,-0.234099307079443
0,1,0.988727129324174,-1.00744780277903,0.044968240252225
0,1,1.00411128965023,-1.00190836912905,-0.041797664446326
1,1,2.01561633327074,-0.013854591351976,1.03433120450598
1,1,2.00962317450996,-0.019054455547127,0.994490113192996
1,0,1.00341399607463,0.987016866291513,1.01644945084978
1,1,1.99636955228546,0.008682848863094,1.08420859616204
1,1,1.99742640931894,-0.006583132179012,0.932670972724533
1,1,1.9841209382071,0.002358520965649,1.01460948796683
0,1,1.00030231950482,-1.00044726550763,-0.117074374077605
1,0,0.982502302310782,0.994437238705417,0.97898807617982
0,0,-0.0068078604491,-0.01177158589693,-0.130998034643259
